CONFIG	1	1
CONTCAR	1	1
HISTORY	1	0
POSCAR	1	1
VASP	1	1
abinit	1	0
acesin	0	1
acesout	1	0
acr	1	0
adf	0	1
adfband	1	0
adfdftb	1	0
adfout	1	0
alc	1	1
aoforce	1	0
arc	1	0
axsf	1	0
bgf	1	1
box	1	1
bs	1	1
c3d1	1	1
c3d2	1	1
cac	0	1
caccrt	1	1
cache	0	1
cacint	0	1
can	1	1
car	1	0
castep	1	0
ccc	1	0
cdx	1	0
cht	0	1
cif	1	1
ck	1	1
com	0	1
copy	0	1
crk2d	1	1
crk3d	1	1
csr	0	1
cssr	0	1
ct	1	1
cub	1	1
cube	1	1
dat	1	0
ddbj	1	0
dmol	1	1
dx	1	1
embl	1	0
ent	1	1
exyz	1	1
fa	1	1
fasta	1	1
fch	1	0
fchk	1	0
fck	1	0
feat	1	1
fh	0	1
fhiaims	1	1
fix	0	1
fpt	0	1
fract	1	1
fs	1	1
fsa	1	1
g03	1	0
g09	1	0
g16	1	0
g92	1	0
g94	1	0
g98	1	0
gal	1	0
gam	1	0
gamess	1	0
gamin	1	1
gamout	1	0
gau	0	1
gen	1	0
gjc	0	1
gjf	0	1
got	1	0
gpr	1	1
gr96	0	1
gro	1	1
gzmat	1	1
hin	1	1
inchi	1	1
inchikey	0	1
inp	1	1
ins	1	0
jin	1	1
jout	1	0
k	0	1
lmpdat	0	1
log	1	0
mcdl	1	1
mcif	1	1
mdl	1	1
ml2	1	1
mmcif	1	1
mmd	1	1
mmod	1	1
mna	0	1
mol	1	1
mol2	1	1
mold	1	1
molden	1	1
molf	1	1
molreport	0	1
moo	1	0
mop	1	1
mopcrt	1	1
mopin	1	1
mopout	1	0
mp	0	1
mpc	1	1
mpd	0	1
mpo	1	0
mpqc	1	0
mpqcin	0	1
msi	1	0
msms	0	1
nul	0	1
nw	0	1
nwo	1	0
out	1	0
outmol	1	1
output	1	0
pcm	1	1
pdb	1	1
pdbqt	1	1
pointcloud	0	1
pov	0	1
pqr	1	1
pqs	1	1
prep	1	0
pwscf	1	0
qcin	0	1
qcout	1	0
report	0	1
res	1	0
rsmi	1	1
rxn	1	1
sd	1	1
sdf	1	1
smi	1	1
smiles	1	1
stl	0	1
svg	0	1
sy2	1	1
t41	1	0
tdd	1	1
text	1	1
therm	1	1
tmol	1	1
txt	1	1
txyz	1	1
unixyz	1	1
vmol	1	1
xed	0	1
xsf	1	0
xyz	1	1
yob	1	1
zin	0	1
